url,code,scope,status,msg
"http://ec.europa.eu/research/science-society/document_library/pdf_06/rri-report-hilary-sutcliffe_en.pdf",404,,false,"Control: Content type is not TEXT/HTML"
"http://ec.europa.eu/research/innovation-union/pdf/expert-groups/Responsible_Research_and_Innovation.pdf",404,,false,"Control: Content type is not TEXT/HTML"
"http://www.ambafrance-uk.org/IMG/pdf/Gilles_LAROCHE.pdf",404,,false,"Control: Content type is not TEXT/HTML"
"http://responsibility-rri.eu/",500,,false,"Requests Error: 403 Client Error: Forbidden"
"http://responsible-innovation.org.uk/frriict/wp-content/uploads/2012/03/2011.3647_cover.pdf",404,,false,"Control: Content type is not TEXT/HTML"
"http://bookshop.europa.eu/en/responsible-research-and-innovation-pbKI0214595/",700,,false,"Article Parse: Error float argument required, not str"
"http://www.cse.dmu.ac.uk/~bstahl/index_html_files/2013_RRI_ICT_chapter.pdf",404,,false,"Control: Content type is not TEXT/HTML"
"http://www.icsti.org/IMG/pdf/Lino_PAULA.pdf",404,,false,"Control: Content type is not TEXT/HTML"
"http://www.vinnova.se/PageFiles/287042669/8_Presentation_WP2013_sansINTRO.pdf",404,,false,"Control: Content type is not TEXT/HTML"
"https://blogs.nottingham.ac.uk/makingsciencepublic/files/2014/09/RRI-report-linked.pdf",404,,false,"Control: Content type is not TEXT/HTML"
"http://vge-europe.eu/public/Dublin_Atomium_Culture_250213__.pdf",404,,false,"Control: Content type is not TEXT/HTML"
"http://www.academia.edu/People/Responsible_Research_and_Innovation",800,,false,"Article Query: not relevant"
"http://www.youtube.com/watch",800,,false,"Article Query: not relevant"
"http://responsibility-rri.eu/responsible-research-innovation/",500,,false,"Requests Error: 403 Client Error: Forbidden"
"http://mslp.ac-dijon.fr/IMG/pdf/cst_sondage_europeen.pdf",404,,false,"Control: Content type is not TEXT/HTML"
"http://edepot.wur.nl/304847",404,,false,"Control: Content type is not TEXT/HTML"
"http://ora.ox.ac.uk/objects/uuid%3A99e5e08d-db1b-4e3b-8b92-2cbcb05cd014/datastreams/ATTACHMENT01",404,,false,"Control: Content type is not TEXT/HTML"
"/wiki/Talk:Responsible_Research_and_Innovation",500,,false,"Requests Error: No connection adapters were found for '/wiki/Talk:Responsible_Research_and_Innovation'"
"/wiki/Main_Page",500,,false,"Requests Error: Invalid URL u'/wiki/Main_Page': No schema supplied. Perhaps you meant http:///wiki/Main_Page?"
"/wiki/Responsible_Research_and_Innovation",500,,false,"Requests Error: Invalid URL u'/wiki/Responsible_Research_and_Innovation': No schema supplied. Perhaps you meant http:///wiki/Responsible_Research_and_Innovation?"
"/w/index.php",500,,false,"Requests Error: Invalid URL u'/w/index.php': No schema supplied. Perhaps you meant http:///w/index.php?"
"//www.wikidata.org/wiki/Q18394118",500,,false,"Requests Error: Invalid URL u'//www.wikidata.org/wiki/Q18394118': No schema supplied. Perhaps you meant http:////www.wikidata.org/wiki/Q18394118?"
"/w/index.php",500,,false,"Requests Error: Invalid URL u'/w/index.php': No schema supplied. Perhaps you meant http:///w/index.php?"
"/wiki/Help:Contents",500,,false,"Requests Error: No connection adapters were found for '/wiki/Help:Contents'"
"/w/index.php",500,,false,"Requests Error: Invalid URL u'/w/index.php': No schema supplied. Perhaps you meant http:///w/index.php?"
"/wiki/Portal:Current_events",500,,false,"Requests Error: No connection adapters were found for '/wiki/Portal:Current_events'"
"/wiki/Portal:Featured_content",500,,false,"Requests Error: No connection adapters were found for '/wiki/Portal:Featured_content'"
"/wiki/Special:RecentChanges",500,,false,"Requests Error: No connection adapters were found for '/wiki/Special:RecentChanges'"
"/w/index.php",500,,false,"Requests Error: Invalid URL u'/w/index.php': No schema supplied. Perhaps you meant http:///w/index.php?"
"/wiki/Wikipedia:About",500,,false,"Requests Error: No connection adapters were found for '/wiki/Wikipedia:About'"
"/wiki/Special:Random",500,,false,"Requests Error: No connection adapters were found for '/wiki/Special:Random'"
"/w/index.php",500,,false,"Requests Error: Invalid URL u'/w/index.php': No schema supplied. Perhaps you meant http:///w/index.php?"
"/w/index.php",500,,false,"Requests Error: Invalid URL u'/w/index.php': No schema supplied. Perhaps you meant http:///w/index.php?"
"/wiki/Special:SpecialPages",500,,false,"Requests Error: No connection adapters were found for '/wiki/Special:SpecialPages'"
"/wiki/Special:RecentChangesLinked/Responsible_Research_and_Innovation",500,,false,"Requests Error: No connection adapters were found for '/wiki/Special:RecentChangesLinked/Responsible_Research_and_Innovation'"
"/w/index.php",500,,false,"Requests Error: Invalid URL u'/w/index.php': No schema supplied. Perhaps you meant http:///w/index.php?"
"/w/index.php",500,,false,"Requests Error: Invalid URL u'/w/index.php': No schema supplied. Perhaps you meant http:///w/index.php?"
"/wiki/Wikipedia:File_Upload_Wizard",500,,false,"Requests Error: No connection adapters were found for '/wiki/Wikipedia:File_Upload_Wizard'"
"/wiki/Wikipedia:Community_portal",500,,false,"Requests Error: No connection adapters were found for '/wiki/Wikipedia:Community_portal'"
"/wiki/Portal:Contents",500,,false,"Requests Error: No connection adapters were found for '/wiki/Portal:Contents'"
"/w/index.php",500,,false,"Requests Error: Invalid URL u'/w/index.php': No schema supplied. Perhaps you meant http:///w/index.php?"
"/w/index.php",500,,false,"Requests Error: Invalid URL u'/w/index.php': No schema supplied. Perhaps you meant http:///w/index.php?"
"https://www.scribd.com/books/Children-s",800,,false,"Article Query: not relevant"
"https://www.scribd.com/diana_grozav",800,,false,"Article Query: not relevant"
"/rapid/latest-press-releases.htm",500,,false,"Requests Error: Invalid URL u'/rapid/latest-press-releases.htm': No schema supplied. Perhaps you meant http:///rapid/latest-press-releases.htm?"
"http://renevonschomberg.wordpress.com/contact/",800,,false,"Article Query: not relevant"
"/eisri-programme/",500,,false,"Requests Error: Invalid URL u'/eisri-programme/': No schema supplied. Perhaps you meant http:///eisri-programme/?"
"/science-media/",500,,false,"Requests Error: Invalid URL u'/science-media/': No schema supplied. Perhaps you meant http:///science-media/?"
"/eng/about/partners/oeaw.aspx",500,,false,"Requests Error: Invalid URL u'/eng/about/partners/oeaw.aspx': No schema supplied. Perhaps you meant http:///eng/about/partners/oeaw.aspx?"
"/eng/about/partners/cv.aspx",500,,false,"Requests Error: Invalid URL u'/eng/about/partners/cv.aspx': No schema supplied. Perhaps you meant http:///eng/about/partners/cv.aspx?"
"/eng/home.aspx",500,,false,"Requests Error: Invalid URL u'/eng/home.aspx': No schema supplied. Perhaps you meant http:///eng/home.aspx?"
"/tous_les_events",500,,false,"Requests Error: Invalid URL u'/tous_les_events': No schema supplied. Perhaps you meant http:///tous_les_events?"
"/user/password",500,,false,"Requests Error: Invalid URL u'/user/password': No schema supplied. Perhaps you meant http:///user/password?"
"/trombinoscope",500,,false,"Requests Error: Invalid URL u'/trombinoscope': No schema supplied. Perhaps you meant http:///trombinoscope?"
"http://www.ambafrance-uk.org/IMG/pdf/Gilles_LAROCHE.pdf",404,,false,"Control: Content type is not TEXT/HTML"
"http://responsibility-rri.eu/",500,,false,"Requests Error: 403 Client Error: Forbidden"
"http://bookshop.europa.eu/en/responsible-research-and-innovation-pbKI0214595/",700,,false,"Article Parse: Error float argument required, not str"
"http://www.icsti.org/IMG/pdf/Lino_PAULA.pdf",404,,false,"Control: Content type is not TEXT/HTML"
"/project-factory",500,,false,"Requests Error: Invalid URL u'/project-factory': No schema supplied. Perhaps you meant http:///project-factory?"
"http://www.donneesdelarecherche.fr/ecrire/",700,,false,"Article Parse: Error 'Article' object has no attribute 'status'"
"/en/about/strategy/",500,,false,"Requests Error: Invalid URL u'/en/about/strategy/': No schema supplied. Perhaps you meant http:///en/about/strategy/?"
"//wikimediafoundation.org/wiki/Special:LandingCheck",500,,false,"Requests Error: No connection adapters were found for '//wikimediafoundation.org/wiki/Special:LandingCheck'"
"//wikimediafoundation.org/wiki/Home",500,,false,"Requests Error: Invalid URL u'//wikimediafoundation.org/wiki/Home': No schema supplied. Perhaps you meant http:////wikimediafoundation.org/wiki/Home?"
"/wiki/Donate:Community_portal",500,,false,"Requests Error: No connection adapters were found for '/wiki/Donate:Community_portal'"
"/wiki/Donate:Current_events",500,,false,"Requests Error: No connection adapters were found for '/wiki/Donate:Current_events'"
"http://www.facebook.com/pages/Scribd/6978454082",700,,false,"Article Parse: Error 'Article' object has no attribute 'status'"
"http://ec.europa.eu/research/innovation-union/pdf/expert-groups/Responsible_Research_and_Innovation.pdf",404,,false,"Control: Content type is not TEXT/HTML"
"http://responsibility-rri.eu/",500,,false,"Requests Error: 403 Client Error: Forbidden"
"http://www.icsti.org/IMG/pdf/Lino_PAULA.pdf",404,,false,"Control: Content type is not TEXT/HTML"
"http://edepot.wur.nl/304847",404,,false,"Control: Content type is not TEXT/HTML"
"http://www.ucl.ac.uk/sts/ethics",500,,false,"Requests Error: HTTPConnectionPool(host='www.ucl.ac.uk', port=80): Read timed out. (read timeout=5)"
"http://www.ergologie.com/",700,,false,"Article Parse: Error 'Article' object has no attribute 'status'"
"/w/index.php",500,,false,"Requests Error: Invalid URL u'/w/index.php': No schema supplied. Perhaps you meant http:///w/index.php?"
"/wiki/Help:Contents",500,,false,"Requests Error: No connection adapters were found for '/wiki/Help:Contents'"
"http://2011.eisri-summit.eu/",700,,false,"Article Parse: Error 'Article' object has no attribute 'status'"
"/eisri-programme/",500,,false,"Requests Error: Invalid URL u'/eisri-programme/': No schema supplied. Perhaps you meant http:///eisri-programme/?"
"/science-media/",500,,false,"Requests Error: Invalid URL u'/science-media/': No schema supplied. Perhaps you meant http:///science-media/?"
"/eng/about/partners/cv.aspx",500,,false,"Requests Error: Invalid URL u'/eng/about/partners/cv.aspx': No schema supplied. Perhaps you meant http:///eng/about/partners/cv.aspx?"
"/eng/about/partners/uoi.aspx",500,,false,"Requests Error: Invalid URL u'/eng/about/partners/uoi.aspx': No schema supplied. Perhaps you meant http:///eng/about/partners/uoi.aspx?"
"/eng/home.aspx",500,,false,"Requests Error: Invalid URL u'/eng/home.aspx': No schema supplied. Perhaps you meant http:///eng/home.aspx?"
"/wiki/Special:Random",500,,false,"Requests Error: No connection adapters were found for '/wiki/Special:Random'"
"/w/index.php",500,,false,"Requests Error: Invalid URL u'/w/index.php': No schema supplied. Perhaps you meant http:///w/index.php?"
"//wikimediafoundation.org/wiki/Home",500,,false,"Requests Error: Invalid URL u'//wikimediafoundation.org/wiki/Home': No schema supplied. Perhaps you meant http:////wikimediafoundation.org/wiki/Home?"
"/wiki/Special:SpecialPages",500,,false,"Requests Error: No connection adapters were found for '/wiki/Special:SpecialPages'"
"/wiki/Donate:Community_portal",500,,false,"Requests Error: No connection adapters were found for '/wiki/Donate:Community_portal'"
"/w/index.php",500,,false,"Requests Error: Invalid URL u'/w/index.php': No schema supplied. Perhaps you meant http:///w/index.php?"
"/book/153603340/Making-Maple-Syrup-Storey-s-Country-Wisdom-Bulletin-A-51",500,,false,"Requests Error: Invalid URL u'/book/153603340/Making-Maple-Syrup-Storey-s-Country-Wisdom-Bulletin-A-51': No schema supplied. Perhaps you meant http:///book/153603340/Making-Maple-Syrup-Storey-s-Country-Wisdom-Bulletin-A-51?"
"https://www.scribd.com/books/Reference",500,,false,"Requests Error: HTTPSConnectionPool(host='www.scribd.com', port=443): Max retries exceeded with url: /books/Reference (Caused by <class 'socket.gaierror'>: [Errno -2] Name or service not known)"
"https://www.scribd.com/",500,,false,"Requests Error: HTTPSConnectionPool(host='www.scribd.com', port=443): Max retries exceeded with url: / (Caused by <class 'socket.gaierror'>: [Errno -2] Name or service not known)"
"https://www.scribd.com/patty3hansen",500,,false,"Requests Error: HTTPSConnectionPool(host='www.scribd.com', port=443): Max retries exceeded with url: /patty3hansen (Caused by <class 'socket.gaierror'>: [Errno -2] Name or service not known)"
"https://www.scribd.com/",500,,false,"Requests Error: HTTPSConnectionPool(host='www.scribd.com', port=443): Max retries exceeded with url: / (Caused by <class 'socket.gaierror'>: [Errno -2] Name or service not known)"
"https://www.scribd.com/",500,,false,"Requests Error: HTTPSConnectionPool(host='www.scribd.com', port=443): Max retries exceeded with url: / (Caused by <class 'socket.gaierror'>: [Errno -2] Name or service not known)"
"https://www.scribd.com/miriam1kinai",500,,false,"Requests Error: HTTPSConnectionPool(host='www.scribd.com', port=443): Max retries exceeded with url: /miriam1kinai (Caused by <class 'socket.gaierror'>: [Errno -2] Name or service not known)"
"https://www.scribd.com/einat8admony/followers",500,,false,"Requests Error: HTTPSConnectionPool(host='www.scribd.com', port=443): Max retries exceeded with url: /einat8admony/followers (Caused by <class 'socket.gaierror'>: [Errno -2] Name or service not known)"
"/book/229388660/Catching-Fire-How-Cooking-Made-Us-Human",500,,false,"Requests Error: Invalid URL u'/book/229388660/Catching-Fire-How-Cooking-Made-Us-Human': No schema supplied. Perhaps you meant http:///book/229388660/Catching-Fire-How-Cooking-Made-Us-Human?"
"https://www.scribd.com/sogyal2rinpoche",500,,false,"Requests Error: HTTPSConnectionPool(host='www.scribd.com', port=443): Max retries exceeded with url: /sogyal2rinpoche (Caused by <class 'socket.gaierror'>: [Errno -2] Name or service not known)"
"https://www.scribd.com/books/History",500,,false,"Requests Error: HTTPSConnectionPool(host='www.scribd.com', port=443): Max retries exceeded with url: /books/History (Caused by <class 'socket.gaierror'>: [Errno -2] Name or service not known)"
"https://www.scribd.com/",500,,false,"Requests Error: HTTPSConnectionPool(host='www.scribd.com', port=443): Max retries exceeded with url: / (Caused by <class 'socket.gaierror'>: [Errno -2] Name or service not known)"
"/archive/pmp_checkout",500,,false,"Requests Error: Invalid URL u'/archive/pmp_checkout': No schema supplied. Perhaps you meant http:///archive/pmp_checkout?"
"https://www.scribd.com/books/Reference",500,,false,"Requests Error: HTTPSConnectionPool(host='www.scribd.com', port=443): Max retries exceeded with url: /books/Reference (Caused by <class 'socket.gaierror'>: [Errno -2] Name or service not known)"
"/rapid/press-release_MEMO-13-987_en.doc",500,,false,"Requests Error: Invalid URL u'/rapid/press-release_MEMO-13-987_en.doc': No schema supplied. Perhaps you meant http:///rapid/press-release_MEMO-13-987_en.doc?"
"/key-partners",500,,false,"Requests Error: Invalid URL u'/key-partners': No schema supplied. Perhaps you meant http:///key-partners?"
"/internationalisation",500,,false,"Requests Error: Invalid URL u'/internationalisation': No schema supplied. Perhaps you meant http:///internationalisation?"
"/bio-economy",500,,false,"Requests Error: Invalid URL u'/bio-economy': No schema supplied. Perhaps you meant http:///bio-economy?"
"https://www.scribd.com/blaise1pascal",500,,false,"Requests Error: HTTPSConnectionPool(host='www.scribd.com', port=443): Max retries exceeded with url: /blaise1pascal (Caused by <class 'socket.gaierror'>: [Errno -2] Name or service not known)"
"https://www.scribd.com/william9lobdell",500,,false,"Requests Error: HTTPSConnectionPool(host='www.scribd.com', port=443): Max retries exceeded with url: /william9lobdell (Caused by <class 'socket.gaierror'>: [Errno -2] Name or service not known)"
"http://www.ambafrance-uk.org/IMG/pdf/Gilles_LAROCHE.pdf",500,,false,"Requests Error: HTTPConnectionPool(host='www.ambafrance-uk.org', port=80): Max retries exceeded with url: /IMG/pdf/Gilles_LAROCHE.pdf (Caused by <class 'socket.gaierror'>: [Errno -2] Name or service not known)"
"http://responsibility-rri.eu/",500,,false,"Requests Error: HTTPConnectionPool(host='responsibility-rri.eu', port=80): Max retries exceeded with url: / (Caused by <class 'socket.gaierror'>: [Errno -2] Name or service not known)"
"http://europa.eu/rapid/press-release_MEMO-13-987_en.htm",500,,false,"Requests Error: HTTPConnectionPool(host='europa.eu', port=80): Max retries exceeded with url: /rapid/press-release_MEMO-13-987_en.htm (Caused by <class 'socket.gaierror'>: [Errno -2] Name or service not known)"
"http://www.eisri-summit.eu/",500,,false,"Requests Error: HTTPConnectionPool(host='www.eisri-summit.eu', port=80): Max retries exceeded with url: / (Caused by <class 'socket.gaierror'>: [Errno -2] Name or service not known)"
"http://www.responsible-innovation.org.uk/torrii/",500,,false,"Requests Error: HTTPConnectionPool(host='www.responsible-innovation.org.uk', port=80): Max retries exceeded with url: /torrii/ (Caused by <class 'socket.gaierror'>: [Errno -2] Name or service not known)"
"https://www.research.net/s/DelphiResponsibleIndustry_web",500,,false,"Requests Error: HTTPSConnectionPool(host='www.research.net', port=443): Max retries exceeded with url: /s/DelphiResponsibleIndustry_web (Caused by <class 'socket.gaierror'>: [Errno -2] Name or service not known)"
"http://www.nerri.eu/eng/about.aspx",500,,false,"Requests Error: HTTPConnectionPool(host='www.nerri.eu', port=80): Max retries exceeded with url: /eng/about.aspx (Caused by <class 'socket.gaierror'>: [Errno -2] Name or service not known)"
"http://www.icsti.org/IMG/pdf/Lino_PAULA.pdf",500,,false,"Requests Error: HTTPConnectionPool(host='www.icsti.org', port=80): Max retries exceeded with url: /IMG/pdf/Lino_PAULA.pdf (Caused by <class 'socket.gaierror'>: [Errno -2] Name or service not known)"
"https://morri.res-agora.eu/",500,,false,"Requests Error: HTTPSConnectionPool(host='morri.res-agora.eu', port=443): Max retries exceeded with url: / (Caused by <class 'socket.gaierror'>: [Errno -2] Name or service not known)"
"http://www.lirdef.univ-montp2.fr/node/464",500,,false,"Requests Error: HTTPConnectionPool(host='www.lirdef.univ-montp2.fr', port=80): Max retries exceeded with url: /node/464 (Caused by <class 'socket.gaierror'>: [Errno -2] Name or service not known)"
"http://edepot.wur.nl/304847",500,,false,"Requests Error: HTTPConnectionPool(host='edepot.wur.nl', port=80): Max retries exceeded with url: /304847 (Caused by <class 'socket.gaierror'>: [Errno -2] Name or service not known)"
"http://www.progressproject.eu/",500,,false,"Requests Error: HTTPConnectionPool(host='www.progressproject.eu', port=80): Max retries exceeded with url: / (Caused by <class 'socket.gaierror'>: [Errno -2] Name or service not known)"
"http://www.donneesdelarecherche.fr/spip.php",500,,false,"Requests Error: HTTPConnectionPool(host='www.donneesdelarecherche.fr', port=80): Max retries exceeded with url: /spip.php (Caused by <class 'socket.gaierror'>: [Errno -2] Name or service not known)"
"http://www.responsible-innovation.eu/",500,,false,"Requests Error: HTTPConnectionPool(host='www.responsible-innovation.eu', port=80): Max retries exceeded with url: / (Caused by <class 'socket.gaierror'>: [Errno -2] Name or service not known)"
"http://responsibility-rri.eu/",500,,false,"Requests Error: HTTPConnectionPool(host='responsibility-rri.eu', port=80): Max retries exceeded with url: / (Caused by <class 'socket.gaierror'>: [Errno -2] Name or service not known)"
"http://www.ucl.ac.uk/sts/research/projects/rri",500,,false,"Requests Error: HTTPConnectionPool(host='www.ucl.ac.uk', port=80): Max retries exceeded with url: /sts/research/projects/rri (Caused by <class 'socket.gaierror'>: [Errno -2] Name or service not known)"
"http://www.nerri.eu/eng/about.aspx",500,,false,"Requests Error: HTTPConnectionPool(host='www.nerri.eu', port=80): Max retries exceeded with url: /eng/about.aspx (Caused by <class 'socket.gaierror'>: [Errno -2] Name or service not known)"
"http://www.icsti.org/IMG/pdf/Lino_PAULA.pdf",500,,false,"Requests Error: HTTPConnectionPool(host='www.icsti.org', port=80): Max retries exceeded with url: /IMG/pdf/Lino_PAULA.pdf (Caused by <class 'socket.gaierror'>: [Errno -2] Name or service not known)"
"http://www.eisri-summit.eu/concept/",500,,false,"Requests Error: HTTPConnectionPool(host='www.eisri-summit.eu', port=80): Max retries exceeded with url: /concept/ (Caused by <class 'socket.gaierror'>: [Errno -2] Name or service not known)"
"http://www.ucl.ac.uk/locations/ucl-green-map",500,,false,"Requests Error: HTTPConnectionPool(host='www.ucl.ac.uk', port=80): Max retries exceeded with url: /locations/ucl-green-map (Caused by <class 'socket.gaierror'>: [Errno -2] Name or service not known)"
"/online-giving",500,,false,"Requests Error: Invalid URL u'/online-giving': No schema supplied. Perhaps you meant http:///online-giving?"
"https://www.ucl.ac.uk/cookies/",500,,false,"Requests Error: HTTPSConnectionPool(host='www.ucl.ac.uk', port=443): Max retries exceeded with url: /cookies/ (Caused by <class 'socket.gaierror'>: [Errno -2] Name or service not known)"
"http://www.lirdef.univ-montp2.fr/user/12",500,,false,"Requests Error: HTTPConnectionPool(host='www.lirdef.univ-montp2.fr', port=80): Max retries exceeded with url: /user/12 (Caused by <class 'socket.gaierror'>: [Errno -2] Name or service not known)"
"http://www.lirdef.univ-montp2.fr/user/30",500,,false,"Requests Error: HTTPConnectionPool(host='www.lirdef.univ-montp2.fr', port=80): Max retries exceeded with url: /user/30 (Caused by <class 'socket.gaierror'>: [Errno -2] Name or service not known)"
"http://www.lirdef.univ-montp2.fr/user/35",500,,false,"Requests Error: HTTPConnectionPool(host='www.lirdef.univ-montp2.fr', port=80): Max retries exceeded with url: /user/35 (Caused by <class 'socket.gaierror'>: [Errno -2] Name or service not known)"
"/equipe_alfa",500,,false,"Requests Error: Invalid URL u'/equipe_alfa': No schema supplied. Perhaps you meant http:///equipe_alfa?"
"/equipe_eres",500,,false,"Requests Error: Invalid URL u'/equipe_eres': No schema supplied. Perhaps you meant http:///equipe_eres?"
"/trombinoscope",500,,false,"Requests Error: Invalid URL u'/trombinoscope': No schema supplied. Perhaps you meant http:///trombinoscope?"
"http://www.eisri-summit.eu/recommended-hotels/",500,,false,"Requests Error: HTTPConnectionPool(host='www.eisri-summit.eu', port=80): Max retries exceeded with url: /recommended-hotels/ (Caused by <class 'socket.gaierror'>: [Errno -2] Name or service not known)"
"http://www.eisri-summit.eu/about-the-university/",500,,false,"Requests Error: HTTPConnectionPool(host='www.eisri-summit.eu', port=80): Max retries exceeded with url: /about-the-university/ (Caused by <class 'socket.gaierror'>: [Errno -2] Name or service not known)"
"http://www.eisri-summit.eu/gallery/",500,,false,"Requests Error: HTTPConnectionPool(host='www.eisri-summit.eu', port=80): Max retries exceeded with url: /gallery/ (Caused by <class 'socket.gaierror'>: [Errno -2] Name or service not known)"
"http://www.eisri-summit.eu/",500,,false,"Requests Error: HTTPConnectionPool(host='www.eisri-summit.eu', port=80): Max retries exceeded with url: / (Caused by <class 'socket.gaierror'>: [Errno -2] Name or service not known)"
"/pid25092/strategie.html",500,,false,"Requests Error: Invalid URL u'/pid25092/strategie.html': No schema supplied. Perhaps you meant http:///pid25092/strategie.html?"
"/pid24755/web-mesr.html",500,,false,"Requests Error: Invalid URL u'/pid24755/web-mesr.html': No schema supplied. Perhaps you meant http:///pid24755/web-mesr.html?"
"/cid22713/galaxie.html",500,,false,"Requests Error: Invalid URL u'/cid22713/galaxie.html': No schema supplied. Perhaps you meant http:///cid22713/galaxie.html?"
"/pid24755/web-mesr.html",500,,false,"Requests Error: Invalid URL u'/pid24755/web-mesr.html': No schema supplied. Perhaps you meant http:///pid24755/web-mesr.html?"
"/pid30146/espe.html",500,,false,"Requests Error: Invalid URL u'/pid30146/espe.html': No schema supplied. Perhaps you meant http:///pid30146/espe.html?"
"https://donate.wikimedia.org/",800,,false,"Article Query: not relevant"
"https://www.scribd.com/books/Children-s",800,,false,"Article Query: not relevant"
"https://www.scribd.com/books",800,,false,"Article Query: not relevant"
"https://www.scribd.com/login",800,,false,"Article Query: not relevant"
"https://www.scribd.com/nancie4mcdermott",800,,false,"Article Query: not relevant"
"https://www.scribd.com/bob4torres",800,,false,"Article Query: not relevant"
"https://www.scribd.com/books/Religion",800,,false,"Article Query: not relevant"
"https://www.scribd.com/srogers_952391",800,,false,"Article Query: not relevant"
"https://www.scribd.com/peter_weverka",800,,false,"Article Query: not relevant"
"https://www.scribd.com/michael3d33cohen",800,,false,"Article Query: not relevant"
"https://www.scribd.com/wallace_wang_11",800,,false,"Article Query: not relevant"
"https://www.scribd.com/kathy9jacobs",800,,false,"Article Query: not relevant"
"https://www.scribd.com/martha6avery",800,,false,"Article Query: not relevant"
"https://www.scribd.com/audiobooks",800,,false,"Article Query: not relevant"
"https://www.scribd.com/books/Humor",800,,false,"Article Query: not relevant"
"https://www.scribd.com/kelly2senyei",800,,false,"Article Query: not relevant"
"https://www.scribd.com/steven1levy",800,,false,"Article Query: not relevant"
"http://ora.ox.ac.uk/objects/uuid%3A99e5e08d-db1b-4e3b-8b92-2cbcb05cd014/datastreams/ATTACHMENT01",404,,false,"Control: Content type is not TEXT/HTML"
"http://www.ambafrance-uk.org/IMG/pdf/Gilles_LAROCHE.pdf",404,,false,"Control: Content type is not TEXT/HTML"
"http://responsibility-rri.eu/",500,,false,"Requests Error: 403 Client Error: Forbidden"
"http://www.eisri-summit.eu/",800,,false,"Article Query: not relevant"
"http://www.responsible-innovation.org.uk/torrii/",800,,false,"Article Query: not relevant"
"https://blogs.nottingham.ac.uk/makingsciencepublic/files/2014/09/RRI-report-linked.pdf",404,,false,"Control: Content type is not TEXT/HTML"
"http://mslp.ac-dijon.fr/IMG/pdf/cst_sondage_europeen.pdf",404,,false,"Control: Content type is not TEXT/HTML"
"http://edepot.wur.nl/304847",404,,false,"Control: Content type is not TEXT/HTML"
"http://www.lirdef.univ-montp2.fr/equipes",800,,false,"Article Query: not relevant"
"http://www.lirdef.univ-montp2.fr/user/32",800,,false,"Article Query: not relevant"
"http://www.lirdef.univ-montp2.fr/biblio",800,,false,"Article Query: not relevant"
"/searchhelp",500,,false,"Requests Error: Invalid URL u'/searchhelp': No schema supplied. Perhaps you meant http:///searchhelp?"
"/signup-login",500,,false,"Requests Error: Invalid URL u'/signup-login': No schema supplied. Perhaps you meant http:///signup-login?"
"/institutional-login",500,,false,"Requests Error: Invalid URL u'/institutional-login': No schema supplied. Perhaps you meant http:///institutional-login?"
"http://www.progressproject.eu/contact/",500,,false,"Requests Error: HTTPConnectionPool(host='www.progressproject.eu', port=80): Read timed out. (read timeout=5)"
"http://www.responsible-innovation.eu/",500,,false,"Requests Error: HTTPConnectionPool(host='www.responsible-innovation.eu', port=80): Read timed out. (read timeout=5)"
"http://responsibility-rri.eu/",500,,false,"Requests Error: 403 Client Error: Forbidden"
"http://www.eisri-summit.eu/",800,,false,"Article Query: not relevant"
"http://www.nerri.eu/eng/about.aspx",800,,false,"Article Query: not relevant"
"http://www.vinnova.se/PageFiles/287042669/8_Presentation_WP2013_sansINTRO.pdf",404,,false,"Control: Content type is not TEXT/HTML"
"http://responsibility-rri.eu/responsible-research-innovation/",500,,false,"Requests Error: 403 Client Error: Forbidden"
"http://www.progressproject.eu/",500,,false,"Requests Error: HTTPConnectionPool(host='www.progressproject.eu', port=80): Read timed out. (read timeout=5)"
"https://play.google.com/store/apps/details",500,,false,"Requests Error: 404 Client Error: Not Found"
"https://www.scribd.com/read/163601700/Cash-Out-A-Novel",500,,false,"Requests Error: HTTPSConnectionPool(host='www.scribd.com', port=443): Read timed out."
"https://www.dora.dmu.ac.uk/",500,,false,"Requests Error: HTTPSConnectionPool(host='www.dora.dmu.ac.uk', port=443): Read timed out."
"http://www.ucl.ac.uk/sts/research/projects/rri/www.ucl.ac.uk/sts",500,,false,"Requests Error: 404 Client Error: Not Found"
"http://www.euroscientist.com/research-activism/",500,,false,"Requests Error: 403 Client Error: Forbidden"
"http://www.euroscientist.com/special-issue-rri-overview-print-edition/",500,,false,"Requests Error: 403 Client Error: Forbidden"
"http://www.eco.u-szeged.hu/kutatas-tudomany/responsible-innovation/responsible-innovation",700,,false,"Article Parse: Error 'Article' object has no attribute 'status'"
"http://bookshop.europa.eu/en/responsible-research-and-innovation-pbKI0214595/",700,,false,"Article Parse: Error float argument required, not str"
"http://www.academia.edu/Documents/in/Environmental_Sustainability",500,,false,"Requests Error: HTTPConnectionPool(host='www.academia.edu', port=80): Read timed out. (read timeout=5)"
"https://drive.google.com/file/d/0B86C-xQccTcKWTlzNGplUDJQMlU/edit",700,,false,"Article Parse: Error 'Article' object has no attribute 'status'"
"http://www.academia.edu/Documents/in/History_of_Science_and_Technology",500,,false,"Requests Error: HTTPConnectionPool(host='www.academia.edu', port=80): Read timed out. (read timeout=5)"
"http://www.academia.edu/Documents/in/Technology",500,,false,"Requests Error: HTTPConnectionPool(host='www.academia.edu', port=80): Read timed out. (read timeout=5)"
"http://www.academia.edu/Documents/in/Political_Ecology",500,,false,"Requests Error: HTTPConnectionPool(host='www.academia.edu', port=80): Read timed out. (read timeout=5)"
"http://www.academia.edu/Documents/in/Social_Sciences",500,,false,"Requests Error: HTTPConnectionPool(host='www.academia.edu', port=80): Read timed out. (read timeout=5)"
"https://www.academia.edu/Documents/in/Corporate_Social_Responsibility",500,,false,"Requests Error: HTTPSConnectionPool(host='www.academia.edu', port=443): Read timed out."
"http://www.easst.umk.pl/",700,,false,"Article Parse: Error float argument required, not str"
"http://www.academia.edu/Documents/in/Ecology",500,,false,"Requests Error: HTTPConnectionPool(host='www.academia.edu', port=80): Read timed out. (read timeout=5)"
"https://www.facebook.com/pages/Nerri-Project/375488655895234",700,,false,"Article Parse: Error 'Article' object has no attribute 'status'"
"http://sb6.biobricks.org/sponsors/sponsor-list/",700,,false,"Article Parse: Error 'Article' object has no attribute 'status'"
"http://sb6.biobricks.org/about/newsletter-archive/",700,,false,"Article Parse: Error 'Article' object has no attribute 'status'"
"http://sb6.biobricks.org/press/",700,,false,"Article Parse: Error 'Article' object has no attribute 'status'"
"http://sb6.biobricks.org/whiteboard/",500,,false,"Requests Error: 404 Client Error: Not Found"
"http://sb6.biobricks.org/sponsors/",700,,false,"Article Parse: Error 'Article' object has no attribute 'status'"
"http://www.sciencedirect.com/science/article/pii/S0040162513001698/pdfft",500,,false,"Requests Error: 404 Client Error: Not Found"
"http://www.sciencedirect.com/science/ereader/epub/S0040162513001698/1416291460/00401625/1-s2.0-S0040162513001698/serial/",500,,false,"Requests Error: 404 Client Error: Not Found"
"http://www.sciencedirect.com/science/ereader/mobi/S0040162513001698/1416291460/00401625/1-s2.0-S0040162513001698/serial/",500,,false,"Requests Error: 404 Client Error: Not Found"
"http://www.atomium-culture.ilsole24ore.com/",700,,false,"Article Parse: Error 'Article' object has no attribute 'status'"
"http://atomiumculture.eu/content/working",500,,false,"Requests Error: 404 Client Error: Not Found"
"http://www.rp.pl/temat/478614.html",700,,false,"Article Parse: Error float argument required, not str"
"http://www.addthis.com/bookmark.php",700,,false,"Article Parse: Error 'Article' object has no attribute 'status'"
"http://professor.uk.wiley.com/CGI-BIN/LANSAWEB",500,,false,"Requests Error: 500 Server Error: Internal Server Error"
"http://onlinelibrary.wiley.com/resolve/openurl",500,,false,"Requests Error: 400 Client Error: Bad Request"
"http://www.facebook.com/nuffieldbioethics",700,,false,"Article Parse: Error 'Article' object has no attribute 'status'"
"http://www.nottingham.edu.cn/",700,,false,"Article Parse: Error 'Article' object has no attribute 'status'"
"http://www.ucl.ac.uk/sts/research/projects/rri/www.ucl.ac.uk/sts",500,,false,"Requests Error: 404 Client Error: Not Found"
"http://smdepo.org/node/544",500,,false,"Requests Error: 404 Client Error: Not Found"
"http://redirect.papersapp.com/redirect",500,,false,"Requests Error: 400 Client Error: Bad Request"
"http://www.nsf.gov/awardsearch/showAward",500,,false,"Requests Error: HTTPConnectionPool(host='www.nsf.gov', port=80): Read timed out. (read timeout=5)"
"http://citationsapi.nkb3.org/article/citations/count",500,,false,"Requests Error: 400 Client Error: Bad Request"
"http://www.nsf.gov/about/glance.jsp",500,,false,"Requests Error: HTTPConnectionPool(host='www.nsf.gov', port=80): Read timed out. (read timeout=5)"
"http://www.deepdyve.com/rental-link",700,,false,"Article Parse: Error 'Article' object has no attribute 'status'"
"http://byinnovation.eu/1991/09/",700,,false,"Article Parse: Error 'Article' object has no attribute 'status'"
"http://byinnovation.eu/euro-300-companies-need-clear-and-ambitious-eu-energy-and-climate-policy/",700,,false,"Article Parse: Error 'Article' object has no attribute 'status'"
"http://byinnovation.eu/1987/03/",700,,false,"Article Parse: Error 'Article' object has no attribute 'status'"
"http://byinnovation.eu/2009/04/",700,,false,"Article Parse: Error 'Article' object has no attribute 'status'"
"http://byinnovation.eu/contatti/",700,,false,"Article Parse: Error 'Article' object has no attribute 'status'"
"http://byinnovation.eu/rassegna-stampa/",700,,false,"Article Parse: Error 'Article' object has no attribute 'status'"
"http://byinnovation.eu/1985/03/",700,,false,"Article Parse: Error 'Article' object has no attribute 'status'"
"http://byinnovation.eu/iscrizione/",700,,false,"Article Parse: Error 'Article' object has no attribute 'status'"
"http://byinnovation.eu/eventi/",700,,false,"Article Parse: Error 'Article' object has no attribute 'status'"
"http://byinnovation.eu/video/",700,,false,"Article Parse: Error 'Article' object has no attribute 'status'"
"http://byinnovation.eu/1990/06/",700,,false,"Article Parse: Error 'Article' object has no attribute 'status'"
"http://byinnovation.eu/grazie/",700,,false,"Article Parse: Error 'Article' object has no attribute 'status'"
"http://byinnovation.eu/1987/07/",700,,false,"Article Parse: Error 'Article' object has no attribute 'status'"
"http://byinnovation.eu/2009/01/",700,,false,"Article Parse: Error 'Article' object has no attribute 'status'"
"http://byinnovation.it/category/building-energia/",500,,false,"Requests Error: 404 Client Error: Not Found"
"http://byinnovation.eu/1984/05/",700,,false,"Article Parse: Error 'Article' object has no attribute 'status'"
"http://byinnovation.eu/2010/12/",700,,false,"Article Parse: Error 'Article' object has no attribute 'status'"
"http://bookshop.europa.eu/en/responsible-research-and-innovation-pbKI0214595/",700,,false,"Article Parse: Error float argument required, not str"
"http://byinnovation.eu/1989/06/",700,,false,"Article Parse: Error 'Article' object has no attribute 'status'"
"http://byinnovation.eu/jazeera-media-network-opens-innovation-challenge/",700,,false,"Article Parse: Error 'Article' object has no attribute 'status'"
"http://byinnovation.eu/2008/11/",700,,false,"Article Parse: Error 'Article' object has no attribute 'status'"
"http://byinnovation.eu/2008/05/",700,,false,"Article Parse: Error 'Article' object has no attribute 'status'"
"https://plus.google.com/114194264383773800712",700,,false,"Article Parse: Error 'Article' object has no attribute 'status'"
"http://ox-d.beforeitsnews.com/w/1.0/rc",700,,false,"Article Parse: Error 'NoneType' object has no attribute 'xpath'"
"http://ox-d.beforeitsnews.com/w/1.0/rc",700,,false,"Article Parse: Error 'NoneType' object has no attribute 'xpath'"
"http://ox-d.beforeitsnews.com/w/1.0/rc",700,,false,"Article Parse: Error 'NoneType' object has no attribute 'xpath'"
"http://ox-d.beforeitsnews.com/w/1.0/rc",700,,false,"Article Parse: Error 'NoneType' object has no attribute 'xpath'"
"http://ox-d.beforeitsnews.com/w/1.0/rc",700,,false,"Article Parse: Error 'NoneType' object has no attribute 'xpath'"
"http://ox-d.beforeitsnews.com/w/1.0/rc",700,,false,"Article Parse: Error 'NoneType' object has no attribute 'xpath'"
"https://www.scribd.com/books/Cooking-Food/top-authors",700,,false,"Article Parse: Text is empty"
"https://www.scribd.com/faq",700,,false,"Article Parse: Error 'Article' object has no attribute 'status'"
"https://play.google.com/store/apps/details",500,,false,"Requests Error: 404 Client Error: Not Found"
"https://www.scribd.com/books/Computers-Technology/top-authors",700,,false,"Article Parse: Text is empty"
"https://www.scribd.com/books/Computers-Technology/Programming",500,,false,"Requests Error: 503 Server Error: backend read error"
"https://www.scribd.com/books/Reference/top-authors",700,,false,"Article Parse: Text is empty"
"http://www.ucl.ac.uk/sts/info_for_staff",500,,false,"Requests Error: 401 Client Error: Unauthorized"
"http://laseldi.univ-fcomte.fr/php/accueil.php",500,,false,"Requests Error: 404 Client Error: Not Found"
"http://www.utc.fr/costech/v2/pages/accueil.php",500,,false,"Requests Error: 404 Client Error: Not Found"
"http://wwwcyg.utc.fr/si28/precip/",500,,false,"Requests Error: HTTPConnectionPool(host='wwwcyg.utc.fr', port=80): Max retries exceeded with url: /si28/precip/ (Caused by <class 'socket.gaierror'>: [Errno -2] Name or service not known)"
"https://liris.cnrs.fr/%7Eethique/",500,,false,"Requests Error: 404 Client Error: Not Found"
"https://play.google.com/store/apps/details",500,,false,"Requests Error: 404 Client Error: Not Found"
"https://www.scribd.com/read/224306867/A-Farewell-to-Arms-The-Hemingway-Library-Edition",500,,false,"Requests Error: HTTPSConnectionPool(host='www.scribd.com', port=443): Read timed out."
"https://www.scribd.com/read/224271953/Who-Owns-the-Future",500,,false,"Requests Error: HTTPSConnectionPool(host='www.scribd.com', port=443): Read timed out."
"https://www.scribd.com/read/163580451/Weetzie-Bat",500,,false,"Requests Error: HTTPSConnectionPool(host='www.scribd.com', port=443): Read timed out."
"http://www.ucl.ac.uk/sts/research/projects/rri/www.ucl.ac.uk/sts",500,,false,"Requests Error: 404 Client Error: Not Found"
"http://www.euroscientist.com/research-activism/",500,,false,"Requests Error: 403 Client Error: Forbidden"
"http://www.euroscientist.com/special-issue-rri-overview-print-edition/",500,,false,"Requests Error: 403 Client Error: Forbidden"
"http://www.eco.u-szeged.hu/kutatas-tudomany/responsible-innovation/responsible-innovation",700,,false,"Article Parse: Error 'Article' object has no attribute 'status'"
"https://drive.google.com/file/d/0B86C-xQccTcKWTlzNGplUDJQMlU/edit",700,,false,"Article Parse: Error 'Article' object has no attribute 'status'"
"http://www.academia.edu/Documents/in/Science_and_Technology_Studies",500,,false,"Requests Error: HTTPConnectionPool(host='www.academia.edu', port=80): Read timed out. (read timeout=5)"
"http://www.academia.edu/Documents/in/Social_Sciences",500,,false,"Requests Error: HTTPConnectionPool(host='www.academia.edu', port=80): Read timed out. (read timeout=5)"
"https://www.academia.edu/Documents/in/Communication",500,,false,"Requests Error: HTTPSConnectionPool(host='www.academia.edu', port=443): Read timed out."
"http://www.academia.edu/Documents/in/Technology",500,,false,"Requests Error: HTTPConnectionPool(host='www.academia.edu', port=80): Read timed out. (read timeout=5)"
"http://www.easst.umk.pl/",700,,false,"Article Parse: Error float argument required, not str"
"http://www.academia.edu/Documents/in/Social_Science",500,,false,"Requests Error: HTTPConnectionPool(host='www.academia.edu', port=80): Read timed out. (read timeout=5)"
"http://www.academia.edu/Documents/in/Ecology",500,,false,"Requests Error: HTTPConnectionPool(host='www.academia.edu', port=80): Read timed out. (read timeout=5)"
"http://www.academia.edu/Documents/in/Health_Care",500,,false,"Requests Error: HTTPConnectionPool(host='www.academia.edu', port=80): Read timed out. (read timeout=5)"
"http://www.academia.edu/Documents/in/Energy",500,,false,"Requests Error: HTTPConnectionPool(host='www.academia.edu', port=80): Read timed out. (read timeout=5)"
"http://www.academia.edu/Documents/in/Innovation_and_Change_Management",500,,false,"Requests Error: HTTPConnectionPool(host='www.academia.edu', port=80): Read timed out. (read timeout=5)"
"http://www.academia.edu/Documents/in/Nanotechnology",500,,false,"Requests Error: HTTPConnectionPool(host='www.academia.edu', port=80): Read timed out. (read timeout=5)"
"http://www.academia.edu/Documents/in/Public_Health",500,,false,"Requests Error: HTTPConnectionPool(host='www.academia.edu', port=80): Read timed out. (read timeout=5)"
"https://www.academia.edu/Documents/in/Social_Entrepreneurship_and_Innovation",500,,false,"Requests Error: HTTPSConnectionPool(host='www.academia.edu', port=443): Read timed out."
"https://www.academia.edu/Documents/in/Corporate_Social_Responsibility",500,,false,"Requests Error: HTTPSConnectionPool(host='www.academia.edu', port=443): Read timed out."
"http://www.academia.edu/Documents/in/Actor_Network_Theory_ANT_",500,,false,"Requests Error: HTTPConnectionPool(host='www.academia.edu', port=80): Read timed out. (read timeout=5)"
"http://www.academia.edu/Documents/in/Science_Technology_and_Society",500,,false,"Requests Error: HTTPConnectionPool(host='www.academia.edu', port=80): Read timed out. (read timeout=5)"
"http://www.academia.edu/Documents/in/Environmental_Science",500,,false,"Requests Error: HTTPConnectionPool(host='www.academia.edu', port=80): Read timed out. (read timeout=5)"
"https://www.academia.edu/Documents/in/Social_Entrepreneurship",500,,false,"Requests Error: HTTPSConnectionPool(host='www.academia.edu', port=443): Read timed out."
"http://www.academia.edu/Documents/in/Affect_Cultural_Theory_",500,,false,"Requests Error: HTTPConnectionPool(host='www.academia.edu', port=80): Read timed out. (read timeout=5)"
"http://www.academia.edu/Documents/in/Food_Science_and_Technology",500,,false,"Requests Error: HTTPConnectionPool(host='www.academia.edu', port=80): Read timed out. (read timeout=5)"
"http://www.academia.edu/Documents/in/Neuroscience",500,,false,"Requests Error: HTTPConnectionPool(host='www.academia.edu', port=80): Read timed out. (read timeout=5)"
"http://www.academia.edu/Documents/in/Technology_Assessment",500,,false,"Requests Error: HTTPConnectionPool(host='www.academia.edu', port=80): Read timed out. (read timeout=5)"
"http://www.academia.edu/Documents/in/Business_Models",500,,false,"Requests Error: HTTPConnectionPool(host='www.academia.edu', port=80): Read timed out. (read timeout=5)"
"http://www.academia.edu/Documents/in/Peace_and_Conflict_Studies",500,,false,"Requests Error: HTTPConnectionPool(host='www.academia.edu', port=80): Read timed out. (read timeout=5)"
"https://www.academia.edu/Documents/in/SME",500,,false,"Requests Error: HTTPSConnectionPool(host='www.academia.edu', port=443): Read timed out."
"http://www.academia.edu/Documents/in/Regulation_And_Governance",500,,false,"Requests Error: HTTPConnectionPool(host='www.academia.edu', port=80): Read timed out. (read timeout=5)"
"http://www.academia.edu/Documents/in/History_of_Science",500,,false,"Requests Error: HTTPConnectionPool(host='www.academia.edu', port=80): Read timed out. (read timeout=5)"
"http://www.academia.edu/Documents/in/Energy_Policy",500,,false,"Requests Error: HTTPConnectionPool(host='www.academia.edu', port=80): Read timed out. (read timeout=5)"
"http://www.academia.edu/Documents/in/Environmental_Sustainability",500,,false,"Requests Error: HTTPConnectionPool(host='www.academia.edu', port=80): Read timed out. (read timeout=5)"
"http://www.academia.edu/Documents/in/Political_Economy",500,,false,"Requests Error: HTTPConnectionPool(host='www.academia.edu', port=80): Read timed out. (read timeout=5)"
"http://www.academia.edu/Documents/in/Innovation",500,,false,"Requests Error: HTTPConnectionPool(host='www.academia.edu', port=80): Read timed out. (read timeout=5)"
"http://www.academia.edu/Documents/in/Ethics",500,,false,"Requests Error: HTTPConnectionPool(host='www.academia.edu', port=80): Read timed out. (read timeout=5)"
"http://www.academia.edu/Documents/in/Science_Communication",500,,false,"Requests Error: HTTPConnectionPool(host='www.academia.edu', port=80): Read timed out. (read timeout=5)"
"https://www.facebook.com/pages/Nerri-Project/375488655895234",700,,false,"Article Parse: Error 'Article' object has no attribute 'status'"
"http://www.sciencedirect.com/science/article/pii/S0040162513001698/pdfft",500,,false,"Requests Error: 404 Client Error: Not Found"
"http://www.sciencedirect.com/science/ereader/mobi/S0040162513001698/1416304523/00401625/1-s2.0-S0040162513001698/serial/",500,,false,"Requests Error: 404 Client Error: Not Found"
"http://www.sciencedirect.com/science/ereader/epub/S0040162513001698/1416304523/00401625/1-s2.0-S0040162513001698/serial/",500,,false,"Requests Error: 404 Client Error: Not Found"
"http://www.donneesdelarecherche.fr/ecrire/",700,,false,"Article Parse: Error 'Article' object has no attribute 'status'"
"https://www.scribd.com/books/Cooking-Food/Sauces-Dressings/top-authors",700,,false,"Article Parse: Text is empty"
"https://www.scribd.com/books/Cooking-Food/Entertaining-Seasonal/top-authors",700,,false,"Article Parse: Text is empty"
"https://www.scribd.com/books/Cooking-Food/Poultry/top-authors",700,,false,"Article Parse: Text is empty"
"https://www.scribd.com/books/Religion/top-authors",700,,false,"Article Parse: Text is empty"
"https://www.scribd.com/faq",700,,false,"Article Parse: Error 'Article' object has no attribute 'status'"
"https://play.google.com/store/apps/details",500,,false,"Requests Error: 404 Client Error: Not Found"
"http://www.ucl.ac.uk/sts/research/projects/rri/home-link",500,,false,"Requests Error: HTTPConnectionPool(host='www.ucl.ac.uk', port=80): Read timed out. (read timeout=5)"
"http://www.ucl.ac.uk/sts/research/projects/rri/www.ucl.ac.uk/sts",500,,false,"Requests Error: 404 Client Error: Not Found"
"https://www.scribd.com/books/Science-Fiction/top-authors",700,,false,"Article Parse: Text is empty"
"https://www.scribd.com/books/Travel/top-authors",700,,false,"Article Parse: Text is empty"
"http://bookshop.europa.eu/en/responsible-research-and-innovation-pbKI0214595/",700,,false,"Article Parse: Error float argument required, not str"
"http://bookshop.europa.eu/en/responsible-research-and-innovation-pbKI0214595/",700,,false,"Article Parse: Error float argument required, not str"
"http://bookshop.europa.eu/en/responsible-research-and-innovation-pbKI0214595/",700,,false,"Article Parse: Error float argument required, not str"
"http://bookshop.europa.eu/en/responsible-research-and-innovation-pbKI0214595/",700,,false,"Article Parse: Error float argument required, not str"
"http://smdepo.org/node/544",500,,false,"Requests Error: 404 Client Error: Not Found"
"http://www.donneesdelarecherche.fr/ecrire/",700,,false,"Article Parse: Error 'Article' object has no attribute 'status'"
"http://bookshop.europa.eu/en/responsible-research-and-innovation-pbKI0214595/",700,,false,"Article Parse: Error float argument required, not str"
"http://www.ucl.ac.uk/sts/research/projects/rri/aboutus",500,,false,"Requests Error: HTTPConnectionPool(host='www.ucl.ac.uk', port=80): Read timed out. (read timeout=5)"
"http://edepot.wur.nl/304847",404,,false,"Control: Content type is not TEXT/HTML"
"http://ora.ox.ac.uk/objects/uuid%3A99e5e08d-db1b-4e3b-8b92-2cbcb05cd014/datastreams/ATTACHMENT01",404,,false,"Control: Content type is not TEXT/HTML"
"http://ora.ox.ac.uk/objects/uuid%3A99e5e08d-db1b-4e3b-8b92-2cbcb05cd014/datastreams/ATTACHMENT01",404,,false,"Control: Content type is not TEXT/HTML"
"http://ora.ox.ac.uk/objects/uuid%3A99e5e08d-db1b-4e3b-8b92-2cbcb05cd014/datastreams/ATTACHMENT01",404,,false,"Control: Content type is not TEXT/HTML"
"http://edepot.wur.nl/304847",404,,false,"Control: Content type is not TEXT/HTML"
"http://ora.ox.ac.uk/objects/uuid%3A99e5e08d-db1b-4e3b-8b92-2cbcb05cd014/datastreams/ATTACHMENT01",404,,false,"Control: Content type is not TEXT/HTML"
"http://bookshop.europa.eu/en/responsible-research-and-innovation-pbKI0214595/",700,,false,"Article Parse: Error float argument required, not str"
"http://ora.ox.ac.uk/objects/uuid%3A99e5e08d-db1b-4e3b-8b92-2cbcb05cd014/datastreams/ATTACHMENT01",404,,false,"Control: Content type is not TEXT/HTML"
"http://responsibility-rri.eu/",500,,false,"Requests Error: 403 Client Error: Forbidden"
"http://bookshop.europa.eu/en/responsible-research-and-innovation-pbKI0214595/",700,,false,"Article Parse: Error float argument required, not str"
"http://ora.ox.ac.uk/objects/uuid%3A99e5e08d-db1b-4e3b-8b92-2cbcb05cd014/datastreams/ATTACHMENT01",404,,false,"Control: Content type is not TEXT/HTML"
"http://bookshop.europa.eu/en/responsible-research-and-innovation-pbKI0214595/",700,,false,"Article Parse: Error float argument required, not str"
"http://edepot.wur.nl/304847",404,,false,"Control: Content type is not TEXT/HTML"
"http://responsibility-rri.eu/",500,,false,"Requests Error: 403 Client Error: Forbidden"
"http://responsibility-rri.eu/responsible-research-innovation/",500,,false,"Requests Error: 403 Client Error: Forbidden"
"http://ora.ox.ac.uk/objects/uuid%3A99e5e08d-db1b-4e3b-8b92-2cbcb05cd014/datastreams/ATTACHMENT01",404,,false,"Control: Content type is not TEXT/HTML"
"https://www.scribd.com/books/Religion/top-authors",700,,false,"Article Parse: Text is empty"
"https://www.scribd.com/books/Young-Adult/top-authors",700,,false,"Article Parse: Text is empty"
"https://www.scribd.com/books/LGBT/top-authors",700,,false,"Article Parse: Text is empty"
"https://www.scribd.com/books/Health-Wellness/top-authors",700,,false,"Article Parse: Text is empty"
"https://www.scribd.com/books/Romance/top-authors",700,,false,"Article Parse: Text is empty"
"http://www.ucl.ac.uk/maps/downloads/ucl-central-london-2014",404,,false,"Control: Content type is not TEXT/HTML"
"http://www.ucl.ac.uk/maps/downloads/royalfree-hampstead-map",404,,false,"Control: Content type is not TEXT/HTML"
"http://www.ucl.ac.uk/maps/historic-maps",700,,false,"Article Parse: Error 'Article' object has no attribute 'status'"
"http://www.ucl.ac.uk/prosp-students/access/virtual-tour/",700,,false,"Article Parse: Error 'Article' object has no attribute 'status'"
"http://www.ucl.ac.uk/maps/downloads/ucl-bloomsbury-campus-map-2014",500,,false,"Requests Error: HTTPConnectionPool(host='www.ucl.ac.uk', port=80): Read timed out. (read timeout=5)"
"http://www.ucl.ac.uk/maps/downloads/whittington-archway-map",404,,false,"Control: Content type is not TEXT/HTML"
"http://www.ucl.ac.uk/sts/info_for_staff",500,,false,"Requests Error: 401 Client Error: Unauthorized"
"http://www.ucl.ac.uk/sts/study_phd",500,,false,"Requests Error: HTTPConnectionPool(host='www.ucl.ac.uk', port=80): Read timed out. (read timeout=5)"
"http://www.ucl.ac.uk/sts/prospective",500,,false,"Requests Error: HTTPConnectionPool(host='www.ucl.ac.uk', port=80): Read timed out. (read timeout=5)"
"http://www.ucl.ac.uk/sts/study",500,,false,"Requests Error: HTTPConnectionPool(host='www.ucl.ac.uk', port=80): Read timed out. (read timeout=5)"
"http://www.ucl.ac.uk/sts/directory",500,,false,"Requests Error: HTTPConnectionPool(host='www.ucl.ac.uk', port=80): Read timed out. (read timeout=5)"
"http://www.ucl.ac.uk/sts/alumni",500,,false,"Requests Error: HTTPConnectionPool(host='www.ucl.ac.uk', port=80): Read timed out. (read timeout=5)"
"http://www.ucl.ac.uk/sts/about_sts",500,,false,"Requests Error: HTTPConnectionPool(host='www.ucl.ac.uk', port=80): Read timed out. (read timeout=5)"
"http://www.lemoteurdelarecherche.fr/",700,,false,"Article Parse: Text is empty"
"http://enseignementsup-recherche.tumblr.com/",700,,false,"Article Parse: Error 'Article' object has no attribute 'status'"
"http://data.enseignementsup-recherche.gouv.fr/explore/",700,,false,"Article Parse: Error 'Article' object has no attribute 'status'"
"https://vine.co/ministereESR",700,,false,"Article Parse: Error 'Article' object has no attribute 'status'"
"http://eregie.premier-ministre.gouv.fr/1c/www.enseignementsup-recherche.gouv.fr/accueil/[RANDOM]@Middle2",500,,false,"Requests Error: 404 Client Error: Not Found"
"http://www.biep.gouv.fr/common/jobSearch",700,,false,"Article Parse: Error 'Article' object has no attribute 'status'"
"http://www.enseignementsup-recherche.gouv.fr/pid24633/concours-national-d-aide-a-la-creation-d-entreprises-innovantes.html",500,,false,"Requests Error: HTTPConnectionPool(host='www.enseignementsup-recherche.gouv.fr', port=80): Read timed out. (read timeout=5)"
"http://www.enseignementsup-recherche.gouv.fr/pid24591/plan-campus.html",500,,false,"Requests Error: HTTPConnectionPool(host='www.enseignementsup-recherche.gouv.fr', port=80): Read timed out. (read timeout=5)"
"https://www.scribd.com/books/Cooking-Food/top-authors",700,,false,"Article Parse: Text is empty"
"https://www.scribd.com/books/Computers-Technology/top-authors",700,,false,"Article Parse: Text is empty"
"http://sb6.biobricks.org/sponsors/sponsor-list/",700,,false,"Article Parse: Error 'Article' object has no attribute 'status'"
"http://sb6.biobricks.org/about/newsletter-archive/",700,,false,"Article Parse: Error 'Article' object has no attribute 'status'"
"http://sb6.biobricks.org/press/",700,,false,"Article Parse: Error 'Article' object has no attribute 'status'"
"http://sb6.biobricks.org/whiteboard/",500,,false,"Requests Error: 404 Client Error: Not Found"
"http://sb6.biobricks.org/sponsors/",700,,false,"Article Parse: Error 'Article' object has no attribute 'status'"
"http://www.faz.net/aktuell/wissen/atomium-culture/",500,,false,"Requests Error: HTTPConnectionPool(host='www.faz.net', port=80): Read timed out. (read timeout=5)"
"http://www.atomium-culture.ilsole24ore.com/",700,,false,"Article Parse: Error 'Article' object has no attribute 'status'"
"http://atomiumculture.eu/content/working",500,,false,"Requests Error: 404 Client Error: Not Found"
"http://www.rp.pl/temat/478614.html",700,,false,"Article Parse: Error float argument required, not str"
"http://www.ucl.ac.uk/sts/sts-publication-news/2014_10_01_STS_Seminars_Confirmed",500,,false,"Requests Error: HTTPConnectionPool(host='www.ucl.ac.uk', port=80): Read timed out. (read timeout=5)"
"http://www.ucl.ac.uk/sts/research/projects/rri/aboutrri",500,,false,"Requests Error: HTTPConnectionPool(host='www.ucl.ac.uk', port=80): Read timed out. (read timeout=5)"
"http://www.ucl.ac.uk/sts/research/projects/rri/www.ucl.ac.uk/sts",500,,false,"Requests Error: 404 Client Error: Not Found"
"http://exeter.academia.edu/Departments/Business_School",500,,false,"Requests Error: HTTPConnectionPool(host='exeter.academia.edu', port=80): Read timed out. (read timeout=5)"
"http://eastanglia.academia.edu/Departments/School_of_Environmental_Sciences",500,,false,"Requests Error: HTTPConnectionPool(host='eastanglia.academia.edu', port=80): Read timed out. (read timeout=5)"
"http://redirect.papersapp.com/redirect",500,,false,"Requests Error: 400 Client Error: Bad Request"
"http://www.nsf.gov/awardsearch/showAward",700,,false,"Article Parse: Error 'Article' object has no attribute 'status'"
"http://citationsapi.nkb3.org/article/citations/count",500,,false,"Requests Error: 400 Client Error: Bad Request"
"http://www.deepdyve.com/rental-link",700,,false,"Article Parse: Error 'Article' object has no attribute 'status'"
"http://bookshop.europa.eu/en/responsible-research-and-innovation-pbKI0214595/",700,,false,"Article Parse: Error float argument required, not str"
"http://edepot.wur.nl/304847",404,,false,"Control: Content type is not TEXT/HTML"
"http://ora.ox.ac.uk/objects/uuid%3A99e5e08d-db1b-4e3b-8b92-2cbcb05cd014/datastreams/ATTACHMENT01",404,,false,"Control: Content type is not TEXT/HTML"
"http://edepot.wur.nl/304847",404,,false,"Control: Content type is not TEXT/HTML"
